evolution$generation,evolution$evaluated,weightDensity,weightCenter,weightRoad,objective$TEDensCentre,objective$TECentreDens,objective$TEDensRoad,objective$TERoadDens,objective$TECentrRoad,objective$TERoadCentr,evolution$samples,evolution$generated,globalDensity,tTEDensCentre,TERoadDens,TECentrRoad,tTEDensRoad,centerNumber,rawTEDensRoad,rawTERoadDens,tTERoadDens,tTECentrRoad,rawTERoadCentr,seed,weightDensity,TEDensCentre,weightCenter,tTERoadCentr,weightRoad,rawTECentreDens,networkSpeed,rawTECentrRoad,localDensity,TERoadCentr,tTECentreDens,TEDensRoad,TECentreDens,rawTEDensCentre
70,70,0.2080163362451043,0.5355015961567219,0.3581968713302994,0.019831189557643424,0.03229663283012804,0.020529739528672916,0.03165917967465131,0.09420346737213761,0.08930006928886057,1,9,"[0.18198529411764705]","[6.479710504320996]","[0.03165917967465131]","[0.09420346737213761]","[5.937060260857636]","[1]","[0.020879208921269266]","[0.0314933434856044]","[9.772456805229188]","[63.580882380520194]","[0.08919866953795585]","[-1585919391]","[0.2080163362451043]","[0.019831189557643424]","[0.5355015961567219]","[63.56377530249599]","[0.3581968713302994]","[0.032378229171147854]","[1.3295002158260845]","[0.09455004974066017]","[0.27601955639383]","[0.08930006928886057]","[10.356181960085374]","[0.020529739528672916]","[0.03229663283012804]","[0.01999109468808702]"
70,70,0.8388033170915926,0.479888731562429,0.6835740105965314,0.01427853895500069,0.02510721208901486,0.021133974956938303,0.0336516490363272,0.1468104155928748,0.14803551454788938,1,23,"[0.07795918367346939]","[7.43596150490106]","[0.0336516490363272]","[0.1468104155928748]","[9.18683369527498]","[1]","[0.020823839760359286]","[0.03363490853146489]","[16.697135739845926]","[102.06897886594506]","[0.1475393598516539]","[-1259772878]","[0.8388033170915926]","[0.01427853895500069]","[0.479888731562429]","[126.3805966476299]","[0.6835740105965314]","[0.024311849684747644]","[1.363728191973283]","[0.14670144017930276]","[0.07273389064870478]","[0.14803551454788938]","[13.825269529383764]","[0.021133974956938303]","[0.02510721208901486]","[0.013766322957863508]"
70,70,0.37580142146605033,0.9330855365771555,0.3786774247570569,0.018564050919238566,0.03149493886242998,0.02374435888207216,0.026540132940580028,0.14297225474234945,0.1325611811859391,1,8,"[0.14086687306501547]","[7.903405565965321]","[0.026540132940580028]","[0.14297225474234945]","[10.082240870817508]","[1]","[0.02343556018182147]","[0.02629692058040045]","[7.952699215677921]","[99.82408202511483]","[0.132496368648092]","[704829649]","[0.37580142146605033]","[0.018564050919238566]","[0.9330855365771555]","[91.65893719299727]","[0.3786774247570569]","[0.031807316988522905]","[1.278447594200295]","[0.1431898944500105]","[0.19597274650730478]","[0.1325611811859391]","[11.440791342419256]","[0.02374435888207216]","[0.03149493886242998]","[0.01792576452699457]"
70,70,0.4656252526310453,0.5670835778123697,0.02508558284239797,0.01574165277037417,0.012190269830893672,0.020893699736947068,0.015017283437921462,0.1179680834844135,0.11336666474357897,1,31,"[0.06372549019607843]","[7.128535560933972]","[0.015017283437921462]","[0.1179680834844135]","[13.807303132133704]","[1]","[0.020917472048168406]","[0.014657945915285353]","[7.029285253660025]","[76.23741119955342]","[0.11330581029764741]","[2070797376]","[0.4656252526310453]","[0.01574165277037417]","[0.5670835778123697]","[93.02787068539054]","[0.02508558284239797]","[0.011889982113066466]","[1.3217042612029155]","[0.11798701273657142]","[0.08564706818972506]","[0.11336666474357897]","[5.3157043383880005]","[0.020893699736947068]","[0.012190269830893672]","[0.01612484727779151]"
70,70,0.5647152038675491,0.3739841411466885,0.798860838995885,0.013456192328728522,0.019910010331844644,0.015839197275599654,0.0257477299219196,0.1479950826452735,0.15429943745192667,1,43,"[0.08333333333333333]","[5.596020769241171]","[0.0257477299219196]","[0.1479950826452735]","[6.767174907699309]","[1]","[0.015621129360793962]","[0.02590238420928448]","[10.613853171635986]","[106.53718148814393]","[0.15441365122616957]","[-1226652311]","[0.5647152038675491]","[0.013456192328728522]","[0.3739841411466885]","[125.821635787207]","[0.798860838995885]","[0.01955782753818225]","[1.329919730107846]","[0.14800189682496412]","[0.08110372794014817]","[0.15429943745192667]","[8.581785929432874]","[0.015839197275599654]","[0.019910010331844644]","[0.013206172034520236]"
70,70,0.28100346134765164,0.5358837070488973,0.01,0.017709934007854266,0.01844847862738947,0.022777529344430197,0.01901467020300025,0.08752762145378476,0.07292844661226593,1,30,"[0.114375]","[6.84539368925476]","[0.01901467020300025]","[0.08752762145378476]","[9.160724679733626]","[1]","[0.0226291360499411]","[0.019022595578629842]","[6.414855065402733]","[61.83365391024446]","[0.0728171106611899]","[186529178]","[0.28100346134765164]","[0.017709934007854266]","[0.5358837070488973]","[56.17899746020485]","[0.01]","[0.01811865042031724]","[1.4483730895041125]","[0.0876595524171282]","[0.15164948379893325]","[0.07292844661226593]","[6.1735285999842775]","[0.022777529344430197]","[0.01844847862738947]","[0.017364478129962668]"
70,70,0.01,0.7293273532625091,0.01,0.0357982800675779,0.019740539271412373,0.05459980029375667,0.02924341186134127,0.05738656688056578,0.06233029623162763,1,26,"[0.341991341991342]","[7.962845758596468]","[0.02924341186134127]","[0.05738656688056578]","[12.313814312924958]","[1]","[0.05415304548366939]","[0.028535695519807724]","[7.219115162196911]","[42.10500571887367]","[0.06199523117860539]","[-346614029]","[0.01]","[0.0357982800675779]","[0.7293273532625091]","[53.397955553509526]","[0.01]","[0.019235151498099512]","[1.5345578905506048]","[0.057248185970210974]","[0.38582142199957603]","[0.06233029623162763]","[4.797862563554876]","[0.05459980029375667]","[0.019740539271412373]","[0.03599359869839769]"
70,70,0.01,0.7100221271465935,0.01,0.053597215162470395,0.018671060393848728,0.06486145005911054,0.02064155432135225,0.08524062174816138,0.0739536783368417,1,57,"[0.3409090909090909]","[12.579147821810471]","[0.02064155432135225]","[0.08524062174816138]","[18.04436158331407]","[1]","[0.06434713212034882]","[0.0210491025253281]","[5.258175763602678]","[73.01485838226345]","[0.07378880072642668]","[900781757]","[0.01]","[0.053597215162470395]","[0.7100221271465935]","[61.93739890562751]","[0.01]","[0.019099813152768208]","[1.5261498258279527]","[0.08499111022731687]","[0.3570821529282842]","[0.0739536783368417]","[4.229401626758395]","[0.06486145005911054]","[0.018671060393848728]","[0.05297289913879055]"
70,70,0.2768521386402258,0.5670835778123696,0.025085582842397973,0.027032390665415434,0.018366247412835986,0.018053143846982502,0.016233810477072796,0.10402174949113377,0.12375241578846437,1,10,"[0.10211640211640212]","[11.669759342421333]","[0.016233810477072796]","[0.10402174949113377]","[7.69137902395191]","[1]","[0.017782669090985692]","[0.01644774632481827]","[6.7223821051554316]","[80.08815521484378]","[0.12341839814257405]","[2075224490]","[0.2768521386402258]","[0.027032390665415434]","[0.5670835778123696]","[84.68984207640376]","[0.025085582842397973]","[0.01820382147880184]","[1.3313979420171493]","[0.1038335079928594]","[0.15846667292607236]","[0.12375241578846437]","[8.756965188729986]","[0.018053143846982502]","[0.018366247412835986]","[0.02644425494199698]"
70,70,0.18623695771477766,0.7418087609311006,0.3475350779738225,0.015444630626187039,0.03242369618127798,0.02147870077730445,0.03772090074893574,0.06821852787564485,0.05782681432332141,1,42,"[0.25925925925925924]","[4.691827224521392]","[0.03772090074893574]","[0.06821852787564485]","[5.8435133165813316]","[1]","[0.02085092123348442]","[0.03802857126597248]","[10.524839149386755]","[50.38511211675354]","[0.05782270186305993]","[1918323804]","[0.18623695771477766]","[0.015444630626187039]","[0.7418087609311006]","[36.68593485303156]","[0.3475350779738225]","[0.03256503699922342]","[1.413423902993185]","[0.06809122758426867]","[0.33799961443241194]","[0.05782681432332141]","[11.419162456359766]","[0.02147870077730445]","[0.03242369618127798]","[0.015826289718110953]"
70,70,0.6989016540942299,0.35616494087748246,0.6309921746961745,0.015315697721136988,0.02952245816765,0.015530184076019051,0.040281543274350684,0.13169441016121392,0.14657086131349187,2,29,"[0.06785195936139332,0.07315233785822021]","[6.323075141051305,8.030577221983908]","[0.035585571561881996,0.04497751498681937]","[0.14291735577453568,0.12047146454789216]","[5.704227193622946,8.230315364558022]","[1,1]","[0.012316546469331335,0.01888799886588055]","[0.03547592425462254,0.04512993782213304]","[18.74969227976086,20.632655820374005]","[103.30784296005606,89.44767203239807]","[0.15550321510037857,0.13739300976569324]","[556043002,1701125239]","[0.6989016540942299,0.6989016540942299]","[0.013458861037477433,0.017172534404796543]","[0.35616494087748246,0.35616494087748246]","[107.75543779663852,99.00513122481085]","[0.6309921746961745,0.6309921746961745]","[0.03001639138942691,0.02830152330947966]","[1.336522340342305,1.402451929878083]","[0.1425339249951998,0.12024907594138812]","[0.07513885035191459,0.08529476197665833]","[0.15553132792062918,0.13761039470635456]","[16.868666491497965,11.578638972546953]","[0.012251957284762471,0.01880841086727563]","[0.0305267517415463,0.0285181645937537]","[0.013281458797492096,0.017226248933316146]"
70,70,0.37580142146605033,0.9330855256245579,0.37867742396125526,0.025533749869254253,0.035486522385662946,0.02392840836936741,0.0419210863751463,0.09908254492663932,0.09866657856302712,1,2,"[0.16081632653061226]","[9.654790936878612]","[0.0419210863751463]","[0.09908254492663932]","[8.00877796551849]","[1]","[0.024409980479510818]","[0.04116784837739029]","[17.018910680279735]","[69.1128231934369]","[0.09872559812231962]","[1414960341]","[0.37580142146605033]","[0.025533749869254253]","[0.9330855256245579]","[79.23000935695103]","[0.37867742396125526]","[0.035600776912227516]","[1.3596745358531863]","[0.09880156598648737]","[0.21516572976918072]","[0.09866657856302712]","[13.192437111823681]","[0.02392840836936741]","[0.035486522385662946]","[0.02548527175511195]"
70,70,0.31219009344828685,0.9999999999999994,0.3089568283869151,0.03104658272193353,0.022770554856467787,0.014235237775660811,0.019845473138581978,0.03975849666978417,0.01746317140720756,1,55,"[0.2006048387096774]","[9.8123378142177]","[0.019845473138581978]","[0.03975849666978417]","[4.192933428275063]","[1]","[0.014423231522725954]","[0.019263007200857496]","[6.347998554146495]","[29.52959422241967]","[0.01738257566190482]","[-702583178]","[0.31219009344828685]","[0.03104658272193353]","[0.9999999999999994]","[13.402468647670286]","[0.3089568283869151]","[0.02195255961958198]","[1.3914851493421634]","[0.03959227669392118]","[0.34133350636235726]","[0.01746317140720756]","[6.605831815969445]","[0.014235237775660811]","[0.022770554856467787]","[0.030525314391170344]"
70,70,0.9579156918449448,0.15918946621968444,0.4030670496684395,0.011254489109011407,0.01857744612828525,0.009327362974540643,0.02549662475106567,0.13054584645856857,0.1403035217219333,1,37,"[0.055357142857142855]","[5.889093287453393]","[0.02549662475106567]","[0.13054584645856857]","[4.256621190523623]","[1]","[0.009341958745817225]","[0.026016813433976216]","[12.166202824257377]","[100.32718153816465]","[0.14021782695100882]","[585843025]","[0.9579156918449448]","[0.011254489109011407]","[0.15918946621968444]","[98.67267783308981]","[0.4030670496684395]","[0.01883884287267268]","[1.4599440041447111]","[0.13037299683706394]","[0.07386143421525848]","[0.1403035217219333]","[11.868360720261878]","[0.009327362974540643]","[0.01857744612828525]","[0.011293806456161182]"
70,70,0.6989016540942299,0.35616494087748246,0.6309921746961746,0.015208638032044686,0.02009609078376859,0.014837958018960467,0.0311472716210832,0.13957562693252648,0.12079100639851559,3,5,"[0.06184486373165619,0.068,0.06389452332657201]","[8.255006564578018,7.43025571885855,8.037694007812192]","[0.019830728021796303,0.0311472716210832,0.031240451995588815]","[0.17119501253744948,0.13957562693252648,0.13002086039686547]","[6.717524968895774,7.102065217007746,6.3562018238416025]","[1,1,1]","[0.012153185155071355,0.014753312802193497,0.01654179143613943]","[0.019222765527790342,0.03155302758690648,0.031530205904148456]","[8.05058351367089,17.581919266891592,13.62816057897282]","[124.85782877380889,102.83864456813399,103.05650620458043]","[0.1520510297181985,0.12059917939101195,0.11929946773177247]","[-950886031,-1463633131,-93482163]","[0.6989016540942299,0.6989016540942299,0.6989016540942299]","[0.015208638032044686,0.015709688551032667,0.014746163546311069]","[0.35616494087748246,0.35616494087748246,0.35616494087748246]","[122.38679356069515,93.21403996161135,97.97701780090772]","[0.6309921746961746,0.6309921746961746,0.6309921746961746]","[0.017801047305317175,0.027428516087784516,0.020453369130323917]","[1.3707132335968844,1.4381298424816609,1.3810878323584999]","[0.1712222505337475,0.13917709182047755,0.1300593812631201]","[0.0635841170169993,0.06909986032657235,0.06868262867491413]","[0.15225098778223828,0.12079100639851559,0.11929504420403032]","[8.495129744010235,11.785301597781713,8.231565809920847]","[0.012501472188663128,0.014837958018960467,0.01650868128361439]","[0.01757707538723403,0.02685376483941561,0.02009609078376859]","[0.015354484445344596,0.015587384776253987,0.014845838130129518]"
70,70,0.2369744480901244,0.5979313784349002,0.11601406121859781,0.022430735494403994,0.025703451462973693,0.028781010034446986,0.018826298192367998,0.08506639095338858,0.05712264627480759,1,68,"[0.13533834586466165]","[8.882732876827781]","[0.018826298192367998]","[0.08506639095338858]","[10.265034854058548]","[1]","[0.02834319671900709]","[0.019346060965090173]","[5.886975796845398]","[61.92444879932871]","[0.0571068557936516]","[1199311023]","[0.2369744480901244]","[0.022430735494403994]","[0.5979313784349002]","[47.33144745865801]","[0.11601406121859781]","[0.025860257083167193]","[1.4196262184400685]","[0.08462306453886281]","[0.21159327826287724]","[0.05712264627480759]","[10.760892459244566]","[0.028781010034446986]","[0.025703451462973693]","[0.022355324973717616]"
70,70,0.2768521386402258,0.5670835778123697,0.02508558284239797,0.022492997132204564,0.013914398525457672,0.022072049889408956,0.017199478765046187,0.08915548018638589,0.06718290790016851,2,1,"[0.13214285714285715,0.10952380952380952]","[6.7439993665868485,10.031760932574992]","[0.022581266503140983,0.01181769102695139]","[0.09449777811945292,0.08381318225331885]","[9.135105869493486,8.107288526454145]","[1,1]","[0.02624278205917796,0.017344091499769343]","[0.022740775664954693,0.012670273832348533]","[9.018912193759007,4.395656864405081]","[69.80042881957114,57.301899111381815]","[0.07046872944325022,0.06351473167143484]","[-1988627233,1544300027]","[0.2768521386402258,0.2768521386402258]","[0.020156358551939934,0.024829635712469194]","[0.5670835778123697,0.5670835778123697]","[55.406619013197435,45.67949632520297]","[0.02508558284239797,0.02508558284239797]","[0.017545625932919195,0.010160383148303476]","[1.418864931364725,1.3284503615835552]","[0.09460560135401619,0.08410772884023165]","[0.1847156756474524,0.17075327543828056]","[0.07066732660942773,0.06369848919090929]","[6.616034877825129,3.2382264157813663]","[0.025680815873323774,0.01846328390549414]","[0.017993826561848184,0.009834970489067158]","[0.02022482119456459,0.024369581604492874]"
70,70,0.20331108609270857,0.3464657051965014,0.44629907326497215,0.027785128713015222,0.035562432710752226,0.024855840890601586,0.03902684131305328,0.0946375559989021,0.06782561355156787,1,59,"[0.15895061728395063]","[10.991935656326218]","[0.03902684131305328]","[0.0946375559989021]","[7.979549560518987]","[1]","[0.024659979578688818]","[0.03875706490809838]","[14.065140514069434]","[61.9181827103085]","[0.06790216396376314]","[515427186]","[0.20331108609270857]","[0.027785128713015222]","[0.3464657051965014]","[49.14494319921164]","[0.44629907326497215]","[0.03500404779197086]","[1.7133680873977455]","[0.09477519092453557]","[0.21008929841043925]","[0.06782561355156787]","[13.900649631951175]","[0.024855840890601586]","[0.035562432710752226]","[0.027410176363372507]"
70,70,0.2609546348423118,0.5087929920285655,0.3582519532560134,0.01179138419628051,0.029364816633271798,0.009427662735856544,0.03568829051487279,0.07962127616317301,0.07319011377795016,1,35,"[0.14414414414414414]","[4.866942202102179]","[0.03568829051487279]","[0.07962127616317301]","[3.3942189862974015]","[1]","[0.009223907367265083]","[0.03518143687492725]","[12.615990836952784]","[51.28859393850627]","[0.07313547231878914]","[1844792351]","[0.2609546348423118]","[0.01179138419628051]","[0.5087929920285655]","[57.703989590781156]","[0.3582519532560134]","[0.029424095138742334]","[1.3400207846152776]","[0.07947949238585639]","[0.1923705799624553]","[0.07319011377795016]","[10.199728048565088]","[0.009427662735856544]","[0.029364816633271798]","[0.012010916057424437]"
70,70,0.3516031052205064,0.5087929920285655,0.3582519532560134,0.016231401467535888,0.02842337577370567,0.01954683187261864,0.03331765956842487,0.09720809887036906,0.09577695649230494,1,63,"[0.10406976744186046]","[6.086308760777054]","[0.03331765956842487]","[0.09720809887036906]","[6.801031857836879]","[1]","[0.018930349071278885]","[0.03347049918621048]","[13.29655931299601]","[69.46161269714348]","[0.09602095000903055]","[-798188137]","[0.3516031052205064]","[0.016231401467535888]","[0.5087929920285655]","[70.57612731906458]","[0.3582519532560134]","[0.02820338427765412]","[1.3884785956687622]","[0.09721795984685633]","[0.10837487636977172]","[0.09577695649230494]","[16.924840732936826]","[0.01954683187261864]","[0.02842337577370567]","[0.01618244223313514]"
70,70,0.01,0.5979313784349002,0.02341923815427408,0.0518851691053712,0.026239086131530795,0.06531018722764673,0.027726834589438493,0.03901002779928135,0.036044749255647074,1,50,"[0.33043478260869563]","[16.3288395303714]","[0.027726834589438493]","[0.03901002779928135]","[17.841253947142746]","[1]","[0.0644962594759868]","[0.028183944140195205]","[6.104430813434557]","[30.398931550126708]","[0.035799627068289874]","[-373139225]","[0.01]","[0.0518851691053712]","[0.5979313784349002]","[30.611119572139074]","[0.02341923815427408]","[0.025954735466726886]","[1.552896581836455]","[0.03945828841799215]","[0.3684892161779071]","[0.036044749255647074]","[6.23903112416817]","[0.06531018722764673]","[0.026239086131530795]","[0.05157080604028419]"
70,70,0.5647152038675491,0.09569736189706161,0.798860838995885,0.008335085410255006,0.02747630434478795,0.018479669829360317,0.038246563540794434,0.1485426691646802,0.1380154939964312,1,4,"[0.06545209176788123]","[4.576914674983644]","[0.038246563540794434]","[0.1485426691646802]","[6.886916772570511]","[1]","[0.018548335609311906]","[0.03828138306513362]","[20.12288486449243]","[122.06281334300373]","[0.13814906184749676]","[-744138118]","[0.5647152038675491]","[0.008335085410255006]","[0.09569736189706161]","[126.40777359013374]","[0.798860838995885]","[0.027568837489077458]","[1.8813304668052038]","[0.1489073747802181]","[0.07819589150923553]","[0.1380154939964312]","[10.766346198012686]","[0.018479669829360317]","[0.02747630434478795]","[0.008298834967931379]"
70,70,0.9326110359130253,0.3758674350391359,0.28484264450852786,0.0212101451443483,0.025485869806411862,0.01865898226906709,0.034277265046627536,0.12255494545073137,0.13672118713578432,1,14,"[0.05669761273209549]","[11.606073945729722]","[0.034277265046627536]","[0.12255494545073137]","[10.976010496016336]","[1]","[0.018563936687497007]","[0.034123001591117585]","[16.28402952576292]","[90.15770212706141]","[0.13673426323041182]","[-999773785]","[0.9326110359130253]","[0.0212101451443483]","[0.3758674350391359]","[124.21502402567766]","[0.28484264450852786]","[0.0252620504126555]","[1.4227291920738738]","[0.12284979547888963]","[0.06909254318359277]","[0.13672118713578432]","[13.996538570999848]","[0.01865898226906709]","[0.025485869806411862]","[0.02117525921708907]"
70,70,0.6975420295156802,0.09569736189706161,0.798860838995885,0.013646480074491114,0.03200075982088078,0.017437127436016716,0.04793403659356901,0.15581529160911675,0.15845357000243535,1,22,"[0.055106319257262656]","[6.64250427105331]","[0.04793403659356901]","[0.15581529160911675]","[9.644822632304466]","[1]","[0.017716379055478848]","[0.04774358267789003]","[21.865081013999262]","[128.47042255965565]","[0.15802160462589643]","[-1421843963]","[0.6975420295156802]","[0.013646480074491114]","[0.09569736189706161]","[116.46502409606188]","[0.798860838995885]","[0.032163556879091004]","[1.4858585894675205]","[0.15546617035548693]","[0.07374898787945]","[0.15845357000243535]","[16.29013725260916]","[0.017437127436016716]","[0.03200075982088078]","[0.01361380425016634]"
70,70,0.3076143646941596,1.0,0.31219804864129247,0.03084445486210646,0.029821673605004376,0.021359720844277442,0.028334566445702175,0.08544767176646764,0.08334085419417539,1,34,"[0.24735449735449735]","[10.16172704703552]","[0.028334566445702175]","[0.08544767176646764]","[6.5768639424332935]","[1]","[0.02133703611593729]","[0.028057780402874766]","[8.70567023366486]","[70.16699237342837]","[0.0830841068451571]","[-1841317660]","[0.3076143646941596]","[0.03084445486210646]","[1.0]","[65.42607530949248]","[0.31219804864129247]","[0.030778019369624543]","[1.4554276443837977]","[0.08530759985213687]","[0.3427208344560516]","[0.08334085419417539]","[9.466037039321685]","[0.021359720844277442]","[0.029821673605004376]","[0.03080316976477504]"
70,70,0.6240083977176287,0.5231581105092864,0.7739981039367845,0.014017558037428239,0.02907449589862092,0.016279684549119745,0.039445310753539214,0.15337053265638678,0.15696070923010363,1,52,"[0.0987080103359173]","[7.567242505842683]","[0.039445310753539214]","[0.15337053265638678]","[7.4660441385747225]","[1]","[0.01561972441826387]","[0.03937205548544953]","[17.62615175079178]","[110.70779169429662]","[0.15695729399325975]","[561306898]","[0.6240083977176287]","[0.014017558037428239]","[0.5231581105092864]","[119.68318757224627]","[0.7739981039367845]","[0.029473378087298885]","[1.3371242070052083]","[0.15319508582643904]","[0.08722006220175349]","[0.15696070923010363]","[13.041837525284647]","[0.016279684549119745]","[0.02907449589862092]","[0.014314316448174047]"
70,70,0.6197825821167036,0.5056950445377892,0.8539404562683556,0.011884251678723036,0.0232786511401155,0.01627746446444473,0.029604904349922325,0.11640815138019509,0.10282494229188702,1,6,"[0.10983981693363844]","[5.255820086437113]","[0.029604904349922325]","[0.11640815138019509]","[7.140713188912854]","[1]","[0.016226145239006007]","[0.02975454092781682]","[12.951064857050442]","[102.62414946481854]","[0.10294546559237272]","[1809864735]","[0.6197825821167036]","[0.011884251678723036]","[0.5056950445377892]","[66.83838707555026]","[0.8539404562683556]","[0.02315994111277675]","[1.3377570162748966]","[0.11630798569885314]","[0.09631813910772152]","[0.10282494229188702]","[10.839374324576728]","[0.01627746446444473]","[0.0232786511401155]","[0.01159392670390269]"
70,70,0.37552290873037714,1.0,0.38519620439726077,0.016735779711797502,0.033800711535513804,0.01894519013427446,0.03920444062586776,0.048038349134044034,0.03444504734284324,1,16,"[0.18276515151515152]","[6.1916088516208125]","[0.03920444062586776]","[0.048038349134044034]","[6.518441657449963]","[1]","[0.01888588250578893]","[0.03964162709101848]","[11.49101943201351]","[31.651541402327876]","[0.03427395112441034]","[1565326180]","[0.37552290873037714]","[0.016735779711797502]","[1.0]","[24.432702287361426]","[0.38519620439726077]","[0.03388007562434048]","[1.3301458965802366]","[0.048205905208064115]","[0.24379327856281255]","[0.03444504734284324]","[10.677678606696464]","[0.01894519013427446]","[0.033800711535513804]","[0.0165764379301494]"
70,70,0.6017152248985167,0.5228806049452402,0.666034930663838,0.01057948536904779,0.02457458489127341,0.01688174231987181,0.025857259890950033,0.15788983345400612,0.16120230339415592,1,21,"[0.07579787234042554]","[4.325365037724133]","[0.025857259890950033]","[0.15788983345400612]","[8.933379670020162]","[1]","[0.016530058699958827]","[0.025786017355903246]","[13.05811160397754]","[133.1339744644354]","[0.16101276892864758]","[559929374]","[0.6017152248985167]","[0.01057948536904779]","[0.5228806049452402]","[134.1291511575262]","[0.666034930663838]","[0.024738138072760485]","[1.3532069268338414]","[0.15798818507242895]","[0.07510842474215078]","[0.16120230339415592]","[9.670850197997563]","[0.01688174231987181]","[0.02457458489127341]","[0.010026354257281822]"
70,70,0.38075428518034726,0.9999999999999994,0.2830037913525137,0.017618949597775137,0.03464212778836885,0.014538490360812895,0.028994870328301506,0.11036703613836832,0.09224812522964727,1,64,"[0.1334688346883469]","[7.529864571376473]","[0.028994870328301506]","[0.11036703613836832]","[4.778340792580472]","[1]","[0.014959102614200859]","[0.029281200632579996]","[9.559274476290039]","[89.61836023514603]","[0.09211650947310757]","[-675490178]","[0.38075428518034726]","[0.017618949597775137]","[0.9999999999999994]","[68.84847396011679]","[0.2830037913525137]","[0.034696762241713364]","[1.3921125979178197]","[0.11019261621548893]","[0.22310016883970846]","[0.09224812522964727]","[12.573625046426816]","[0.014538490360812895]","[0.03464212778836885]","[0.017481185058932036]"
70,70,0.18623695771477766,0.9117945283549468,0.3475350779738225,0.026876409730768352,0.02423861028251953,0.02610180560290134,0.02031818171879389,0.09277986798074161,0.0787271130009546,1,49,"[0.229064039408867]","[8.680793221498453]","[0.02031818171879389]","[0.09277986798074161]","[7.372949129870702]","[1]","[0.027136684545893575]","[0.020867560982043454]","[6.429380912067058]","[66.94297164202496]","[0.0787123894804389]","[-608502122]","[0.18623695771477766]","[0.026876409730768352]","[0.9117945283549468]","[55.32964309678226]","[0.3475350779738225]","[0.023141661811575398]","[1.442985964401161]","[0.09269417346775977]","[0.3586083516189349]","[0.0787271130009546]","[6.645776351711289]","[0.02610180560290134]","[0.02423861028251953]","[0.02730448591900103]"
70,70,0.37552290873037714,1.0,0.24368624427452484,0.030727919820564522,0.028638590449191453,0.024695200190531345,0.015362500297686625,0.14178569337325253,0.11637203792460309,1,25,"[0.17290552584670232]","[11.268454660000181]","[0.015362500297686625]","[0.14178569337325253]","[8.355641635470377]","[1]","[0.025015317358672018]","[0.015766705374503864]","[4.826510683614086]","[104.15644054923317]","[0.11620131737525363]","[-1170982761]","[0.37552290873037714]","[0.030727919820564522]","[1.0]","[91.35889006257837]","[0.24368624427452484]","[0.029394866847015866]","[1.3109437573689704]","[0.14146335075041971]","[0.2521319974329764]","[0.11637203792460309]","[11.610455001764114]","[0.024695200190531345]","[0.028638590449191453]","[0.030064091716560437]"
70,70,0.32330159596319863,0.5355015961567219,0.04316225076828946,0.020393883847842686,0.020819606140823965,0.015091372359667444,0.017462984678290282,0.07891619477477547,0.08349209488199884,3,7,"[0.09135802469135802,0.07695652173913044,0.08033000434216239]","[8.623305361796705,11.671922249174697,8.901081449111123]","[0.013876011351033469,0.017462984678290282,0.021885677937672293]","[0.07891619477477547,0.07431815973470005,0.13643277134242157]","[6.860495746351401,8.95643655614509,6.624682466774478]","[1,1,1]","[0.015329841019884993,0.020749462428264476,0.015340473409226396]","[0.014029887258726559,0.017007392121720866,0.021984058610017287]","[5.1857559446382355,6.196491044709713,8.885913857596458]","[56.591799266259684,55.42272708166367,117.4413538135906]","[0.08224831622677242,0.08338652272233782,0.12290149751956148]","[842210520,-1561838357,672026192]","[0.32330159596319863,0.32330159596319863,0.32330159596319863]","[0.017726540703745252,0.024795870951907484,0.020393883847842686]","[0.5355015961567219,0.5355015961567219,0.5355015961567219]","[65.75670096438101,65.532365770651,84.26224853809475]","[0.04316225076828946,0.04316225076828946,0.04316225076828946]","[0.013315357967745856,0.02195181299388671,0.021638297628412406]","[1.4304462920707683,1.3770312014511639,1.3829443242163435]","[0.07927248364819328,0.07432531397384667,0.1364878166883139]","[0.12747892763847885,0.1085630942778539,0.10592522739519572]","[0.0820690306302783,0.08349209488199884,0.12310181914708937]","[4.8981728833384235,10.352280778689163,9.190400201163596]","[0.015091372359667444,0.020978767117286714,0.015035902375988135]","[0.014022025607515164,0.021945421107755058,0.020819606140823965]","[0.017354863830364886,0.02529474138470378,0.020743455414045542]"
70,70,0.18623695771477766,0.7418087609311006,0.37819493594677867,0.031025616098555406,0.03645842861920336,0.03233968645343963,0.04352955967535735,0.06937437708564555,0.05164784770779743,1,33,"[0.24261083743842365]","[9.968857367138442]","[0.04352955967535735]","[0.06937437708564555]","[8.018096208674008]","[1]","[0.031674926463096]","[0.04332401815290643]","[13.214678523186917]","[51.224488585430684]","[0.05164253701648791]","[-614581799]","[0.18623695771477766]","[0.031025616098555406]","[0.7418087609311006]","[37.87393036020465]","[0.37819493594677867]","[0.03621667660116046]","[1.3737788141237326]","[0.069476401927683]","[0.3977869348292064]","[0.05164784770779743]","[10.619601855645444]","[0.03233968645343963]","[0.03645842861920336]","[0.031043837568475174]"
70,70,0.44257194291423974,0.535329107318178,0.18564883861788925,0.018924171381304863,0.020800908072430086,0.021527119579548934,0.027978281402693046,0.10243078107939578,0.09998409088206005,1,62,"[0.0782967032967033]","[9.7203240328431]","[0.027978281402693046]","[0.10243078107939578]","[8.908323398364733]","[1]","[0.02184226327987937]","[0.02817727215549204]","[10.29075702080713]","[86.89610462266123]","[0.09983530519557005]","[393034406]","[0.44257194291423974]","[0.018924171381304863]","[0.535329107318178]","[70.92771017951736]","[0.18564883861788925]","[0.02156489764145242]","[1.459716041797781]","[0.10200567428386109]","[0.09834323302580156]","[0.09998409088206005]","[8.64070540573514]","[0.021527119579548934]","[0.020800908072430086]","[0.01903141416220655]"
70,70,0.4155444299764467,0.5358837070488973,0.1705887869123343,0.015655644592825896,0.027521051146338134,0.018198587022663738,0.02976620410908788,0.11751681445616716,0.12105414334113634,1,41,"[0.07346938775510205]","[8.697895922448097]","[0.02976620410908788]","[0.11751681445616716]","[8.496870788309005]","[1]","[0.017991722904415086]","[0.02925364797845975]","[14.239878365051677]","[87.22383106010835]","[0.12107242499338877]","[-1405807730]","[0.4155444299764467]","[0.015655644592825896]","[0.5358837070488973]","[93.22916519314778]","[0.1705887869123343]","[0.02703417150722265]","[1.2914135988058755]","[0.11764334680908273]","[0.08633475213952864]","[0.12105414334113634]","[11.188836461821609]","[0.018198587022663738]","[0.027521051146338134]","[0.015617879562679127]"
70,70,0.9386366406111926,0.478434870034207,0.6606911988063042,0.01316328642752326,0.026046230761664457,0.01485623242100275,0.0343486970070801,0.15478636755561698,0.1337699255735968,2,12,"[0.061785714285714284,0.0649056603773585]","[6.121936392837519,6.315424115460477]","[0.043407498380741656,0.025289895633418536]","[0.14527827575353225,0.1642944593577017]","[9.154667522510785,6.983761041576822]","[1,1]","[0.014883271542419862,0.015075571763737194]","[0.04376412769170446,0.025319032396525776]","[17.588521291186712,10.427067297084886]","[108.69412026387911,133.44732445718898]","[0.1468882808772325,0.12025978791106562]","[-324829504,1729709067]","[0.9386366406111926,0.9386366406111926]","[0.01244595319157217,0.013880619663474349]","[0.478434870034207,0.478434870034207]","[102.23240219603346,83.92992473636113]","[0.6606911988063042,0.6606911988063042]","[0.030020156486040728,0.022423990768145607]","[1.4619942690634704,1.352369492755848]","[0.14537166322235562,0.16457787113013844]","[0.06658151974641555,0.06349205294279607]","[0.14716527359063386,0.12037457755655974]","[16.52294652168937,11.122579302431399]","[0.015038982765290986,0.014673482076714515]","[0.02990705357710889,0.022185407946220023]","[0.01250140218988749,0.013655166629972015]"
70,70,0.2701011218695098,0.7418087609311006,0.37819493594677867,0.019493543911617596,0.037731587141894785,0.02010418677288672,0.04174190396350867,0.10167456640831952,0.09751441652239456,1,24,"[0.18]","[7.395644209331212]","[0.04174190396350867]","[0.10167456640831952]","[7.052423104620768]","[1]","[0.020185650323011117]","[0.04095369106900093]","[11.92680375775417]","[80.0853333216516]","[0.09760663674516179]","[2095386679]","[0.2701011218695098]","[0.019493543911617596]","[0.7418087609311006]","[69.39649902343788]","[0.37819493594677867]","[0.03778888554846094]","[1.4334064725216922]","[0.10147387480548087]","[0.24283837311185086]","[0.09751441652239456]","[10.635086953738735]","[0.02010418677288672]","[0.037731587141894785]","[0.019834886792211126]"
70,70,0.828425244926659,0.3758674350391359,0.40511166732980447,0.014955736828338671,0.02347302699048627,0.011846549345228276,0.0322422602683528,0.13083313754337675,0.13772340617872955,1,28,"[0.04588431590656285]","[8.187539782274253]","[0.0322422602683528]","[0.13083313754337675]","[6.125642458926473]","[1]","[0.011610937870618177]","[0.032407547231241285]","[16.00705009522787]","[94.08580506557617]","[0.137680592749174]","[-606819848]","[0.828425244926659]","[0.014955736828338671]","[0.3758674350391359]","[97.09142062687863]","[0.40511166732980447]","[0.023403610532851893]","[1.3611983929521534]","[0.13088072568968845]","[0.05921634167381894]","[0.13772340617872955]","[11.998096983685281]","[0.011846549345228276]","[0.02347302699048627]","[0.015490172844234484]"
70,70,0.13806357402881286,0.3094410522837653,0.4271525421401542,0.029864063533487414,0.033063306460570006,0.018275712421316776,0.03605200420473922,0.10944280262038167,0.09200890865821852,1,69,"[0.19827586206896552]","[9.834947694970293]","[0.03605200420473922]","[0.10944280262038167]","[6.3064574144820345]","[1]","[0.0185503916891141]","[0.03635699428193462]","[12.168136375178497]","[70.69292909733787]","[0.09195097134145924]","[833179707]","[0.13806357402881286]","[0.029864063533487414]","[0.3094410522837653]","[73.95595112295861]","[0.4271525421401542]","[0.03361324189308723]","[1.517911813388901]","[0.10958287838518399]","[0.28753332495967654]","[0.09200890865821852]","[10.407688744529253]","[0.018275712421316776]","[0.033063306460570006]","[0.02916976775044766]"
70,70,0.17141100721894967,0.4960367228662709,0.2980843155536382,0.023657148709505194,0.033932178203868124,0.02195659168302267,0.03610209527201166,0.10091970974383016,0.0855814265141163,2,3,"[0.17793964620187305,0.22024471635150167]","[8.785977744088354,6.8733532363318455]","[0.02140829838163956,0.050795892162383754]","[0.09272391018152779,0.10911550930613252]","[7.973437046490254,6.265304057038261]","[1,1]","[0.02397436356492899,0.0198820169783116]","[0.021547840205756952,0.05095641932303696]","[7.604879402635151,18.762395165473933]","[69.05565754073955,62.958423078821674]","[0.07985612164788347,0.09137740280422268]","[-713004247,-2136064552]","[0.17141100721894967,0.17141100721894967]","[0.027029793353957388,0.020284504065052996]","[0.4960367228662709,0.4960367228662709]","[56.06262007214688,60.54685585946686]","[0.2980843155536382,0.2980843155536382]","[0.028689923198111478,0.03978250930708982]","[1.326536248993126,1.4137278563881321]","[0.09274317526162523,0.10886467755972817]","[0.243237667523317,0.2718950027929826]","[0.07998426277386483,0.09117859025436774]","[8.499905611846332,11.656648688182408]","[0.023810558723561158,0.02010262464248418]","[0.028213744839240808,0.03965061156849545]","[0.026819743182973976,0.019857752655832117]"
70,70,0.4960614640599279,0.5454124764475312,0.40766227591682364,0.01604120678893302,0.027686516854029664,0.012201672691336833,0.042659066474582334,0.10429497470525265,0.10639024947584763,1,46,"[0.0880952380952381]","[7.390979172351988]","[0.042659066474582334]","[0.10429497470525265]","[5.793381741011936]","[1]","[0.012238878439422507]","[0.04228925244329518]","[18.38275952605137]","[78.43078003816188]","[0.1064643857599743]","[-1753885606]","[0.4960614640599279]","[0.01604120678893302]","[0.5454124764475312]","[80.39192592004432]","[0.40766227591682364]","[0.027706252709139845]","[1.3554953163213899]","[0.1043167671654246]","[0.09084927743817695]","[0.10639024947584763]","[13.849825596267065]","[0.012201672691336833]","[0.027686516854029664]","[0.016122249426185897]"
70,70,0.9670001929437575,0.3758674350391359,0.40511166732980447,0.011198600565355961,0.02441698542293065,0.014146908559243394,0.03191378440879434,0.12051556628657027,0.10798151053253055,2,0,"[0.050535077288941736,0.064]","[6.4431991008338665,4.906421832019631]","[0.03886204472353291,0.02496552409405577]","[0.1255203985422808,0.11551073403085974]","[7.874958205816652,8.02668485968415]","[1,1]","[0.0133235040295836,0.015503852472576352]","[0.038817582033842335,0.024688874108425907]","[18.972085691118355,12.100024081894414]","[86.77190317001748,94.73767410844633]","[0.10493849488217544,0.11105441080560352]","[213821838,488105973]","[0.9670001929437575,0.9670001929437575]","[0.011843044756955941,0.010554156373755981]","[0.3758674350391359,0.3758674350391359]","[76.18164365238202,88.2427047305436]","[0.40511166732980447,0.40511166732980447]","[0.027447424615943294,0.021329489896265708]","[1.3623939848078608,1.3013802819944311]","[0.12573419047269851,0.11520455902353244]","[0.058696718725784316,0.06970784162308365]","[0.10507867728584185,0.11088434377921924]","[12.546603137258286,11.318567945607557]","[0.012708359182811164,0.015585457935675624]","[0.027485074781951585,0.02134889606390972]","[0.012366253050275278,0.010392843726703571]"
70,70,0.6989016540942299,0.35616494087748246,0.6309921774198244,0.01666067194719085,0.021213016459308134,0.0176455636841956,0.027386974834465463,0.11927664260918248,0.14698170167377245,1,17,"[0.06799572801708793]","[8.092860585692105]","[0.027386974834465463]","[0.11927664260918248]","[8.253861600394222]","[1]","[0.017736053078640124]","[0.02772215927879529]","[12.12434366825111]","[104.9629154150369]","[0.14653076028296264]","[1131408052]","[0.6989016540942299]","[0.01666067194719085]","[0.35616494087748246]","[106.92828434299977]","[0.6309921774198244]","[0.020803168594095256]","[1.319762845593927]","[0.11905578934858307]","[0.07663410048814617]","[0.14698170167377245]","[8.57228615195141]","[0.0176455636841956]","[0.021213016459308134]","[0.0167320344134958]"
70,70,1.0,0.30368366351044623,0.3428263301314128,0.017664459940711953,0.012558295237083406,0.01954846933878103,0.01741946441207501,0.15327807999200582,0.1804315784909525,1,60,"[0.0551617873651772]","[11.219129223291235]","[0.01741946441207501]","[0.15327807999200582]","[9.273702596119103]","[1]","[0.019539993887721874]","[0.017274845996267496]","[8.366095982779715]","[103.91722211745761]","[0.1804046136112225]","[-2125429837]","[1.0]","[0.017664459940711953]","[0.30368366351044623]","[141.67554814941215]","[0.3428263301314128]","[0.012802179549171733]","[1.3522271604954152]","[0.15342738026945524]","[0.07798147681522083]","[0.1804315784909525]","[6.252478102354513]","[0.01954846933878103]","[0.012558295237083406]","[0.01828752723048277]"
70,70,0.9090875873964359,0.39768766910266007,0.7038450906023999,0.014179248230532359,0.02679588001692639,0.0169626206875565,0.03486464718019719,0.11071436932826101,0.08449446520210346,1,27,"[0.06540697674418605]","[8.039526699590452]","[0.03486464718019719]","[0.11071436932826101]","[8.12133967876678]","[1]","[0.01704723570820632]","[0.034523880820158226]","[19.558528077708377]","[83.53628350162607]","[0.0845108522125364]","[1887419221]","[0.9090875873964359]","[0.014179248230532359]","[0.39768766910266007]","[67.39797546173669]","[0.7038450906023999]","[0.026344840244096]","[1.4051582248058672]","[0.1106537433767103]","[0.06497218616292738]","[0.08449446520210346]","[13.741993302249641]","[0.0169626206875565]","[0.02679588001692639]","[0.013725608027500558]"
70,70,0.24656750431876776,0.565225410258083,0.01,0.028147397140614497,0.037572424050475846,0.017073768050806282,0.017292141008905394,0.11754172001595739,0.0874257391168001,1,48,"[0.12280701754385964]","[9.0015602521611]","[0.017292141008905394]","[0.11754172001595739]","[7.131512589608273]","[1]","[0.017746390571087733]","[0.016555515517942654]","[5.907575062134521]","[74.7500570316317]","[0.08732284964559622]","[-1352462131]","[0.24656750431876776]","[0.028147397140614497]","[0.565225410258083]","[64.48830838656612]","[0.01]","[0.03777959113704665]","[1.4583405586384268]","[0.11717384733214975]","[0.19185860593527854]","[0.0874257391168001]","[12.355667809552273]","[0.017073768050806282]","[0.037572424050475846]","[0.028163026263879676]"
70,70,0.833592368706416,0.3758674350391359,0.40511166732980447,0.014244544525569043,0.017140689886669693,0.017082090227899596,0.021931366216005322,0.13851172314074026,0.1355878408892472,1,13,"[0.05454545454545454]","[6.189475345717437]","[0.021931366216005322]","[0.13851172314074026]","[8.205612966497654]","[1]","[0.016866608667146066]","[0.02167153199137739]","[9.98193290353406]","[100.19147501224569]","[0.13527802699570435]","[-488298992]","[0.833592368706416]","[0.014244544525569043]","[0.3758674350391359]","[97.26133640861617]","[0.40511166732980447]","[0.01737845881453759]","[1.315166085485419]","[0.13847601937538823]","[0.07018207670237449]","[0.1355878408892472]","[8.673903281715793]","[0.017082090227899596]","[0.017140689886669693]","[0.014751973728821977]"
70,70,1.0,0.01,0.3653707100331826,0.01076794459269564,0.03421819453231728,0.01573887680735405,0.04568625849198739,0.12765684391210994,0.131997610020074,2,39,"[0.054705882352941174,0.043557642149191445]","[6.31780865633258,5.957008542942218]","[0.04480872133197984,0.046563795651994935]","[0.13157636317154076,0.12373732465267913]","[10.983561844475595,6.889000140457333]","[1,1]","[0.01892372210748805,0.012793422162805212]","[0.045022842936371266,0.04652802839053738]","[25.20696957938993,22.42363252519216]","[117.68914318114834,79.63894632062926]","[0.1271679117079505,0.13623757497057531]","[1193268847,298720682]","[1.0,1.0]","[0.011996946958774282,0.009538942226616998]","[0.01,0.01]","[98.76405015901769,119.26271936679669]","[0.3653707100331826,0.3653707100331826]","[0.03104145008361847,0.03714289260058212]","[1.9240948600176198,1.8939341311340836]","[0.13164179076598725,0.1237918428124758]","[0.06869056386708032,0.07139604143068345]","[0.1274356524267599,0.13655956761338814]","[20.207581653038293,20.658606118706956]","[0.018669509173795985,0.012808244440912117]","[0.031245706913532945,0.03719068215110161]","[0.011780452335549363,0.009726344370448503]"
70,70,0.6171012973415028,0.5355015961567219,0.04316225076828946,0.01502994036367729,0.01503297771069819,0.01904260997283007,0.02221380288915704,0.11473941449475168,0.11423806125428425,1,58,"[0.051488095238095236]","[6.914425872547202]","[0.02221380288915704]","[0.11473941449475168]","[10.018744636580573]","[1]","[0.01886873071665307]","[0.022098842156893728]","[11.708102850589068]","[83.01755292911598]","[0.11405497652035623]","[-1779625464]","[0.6171012973415028]","[0.01502994036367729]","[0.5355015961567219]","[87.02187590409797]","[0.04316225076828946]","[0.015461633186229617]","[1.474956989978899]","[0.11453589885046922]","[0.0652284629029304]","[0.11423806125428425]","[6.711416657310674]","[0.01904260997283007]","[0.01503297771069819]","[0.014665129413277134]"
70,70,0.01,0.7207021505449154,0.01,0.05533212932055663,0.023937142281361234,0.07405003327471363,0.027464017572310036,0.10589149418883953,0.09725468330817677,1,51,"[0.34415584415584416]","[13.1148375671022]","[0.027464017572310036]","[0.10589149418883953]","[20.70748813990323]","[1]","[0.07346609240616964]","[0.02696577668472422]","[6.56534247586061]","[75.38457584356138]","[0.09738131962889462]","[-962513990]","[0.01]","[0.05533212932055663]","[0.7207021505449154]","[70.83618497382156]","[0.01]","[0.02278745400356419]","[1.563430724148124]","[0.10609139855880656]","[0.38974059432371105]","[0.09725468330817677]","[6.494404769368523]","[0.07405003327471363]","[0.023937142281361234]","[0.05448158126623581]"
70,70,0.7498348162880044,0.3736568215909528,0.4804641666997031,0.01599132063885305,0.025475458740770947,0.018135276651998954,0.023432171744222165,0.1307830321959877,0.1487849749313319,1,66,"[0.07008086253369272]","[6.645335835388127]","[0.023432171744222165]","[0.1307830321959877]","[7.931155246116861]","[1]","[0.017914877652611683]","[0.022978026594723255]","[10.244027398701002]","[95.11390870605986]","[0.14883447598733257]","[-1958911800]","[0.7498348162880044]","[0.01599132063885305]","[0.3736568215909528]","[107.7589745091906]","[0.4804641666997031]","[0.025142565812650952]","[1.3753858860776416]","[0.13078258923315422]","[0.07401624493058861]","[0.1487849749313319]","[12.516052488226192]","[0.018135276651998954]","[0.025475458740770947]","[0.016063886465512933]"
70,70,0.833592368706416,0.2504329774837396,0.40511166732980447,0.012195217850127902,0.03158001682536938,0.019506711040735234,0.03963655737627783,0.13095200598980622,0.13296545919730401,1,40,"[0.05134408602150538]","[6.431556555009331]","[0.03963655737627783]","[0.13095200598980622]","[9.005591238104483]","[1]","[0.018927141509698098]","[0.040175072938718026]","[21.240880216281653]","[89.72213831132858]","[0.13294210493017933]","[743463690]","[0.833592368706416]","[0.012195217850127902]","[0.2504329774837396]","[92.48245575683552]","[0.40511166732980447]","[0.03144603760300657]","[1.3985318137912317]","[0.1308696858743672]","[0.07118062136641763]","[0.13296545919730401]","[14.032275458055414]","[0.019506711040735234]","[0.03158001682536938]","[0.012070595311991061]"
70,70,0.3692892855866339,0.7665671047656838,0.27997124234129483,0.021713641398334153,0.028694157591442435,0.022268245196118676,0.030706776146227882,0.09930020475489469,0.1154290164494777,1,56,"[0.129375]","[8.097820930952874]","[0.030706776146227882]","[0.09930020475489469]","[9.573597768564195]","[1]","[0.02268310753411895]","[0.030467218548319908]","[12.607561586308314]","[69.18265257692838]","[0.11533706189436588]","[-1472142225]","[0.3692892855866339]","[0.021713641398334153]","[0.7665671047656838]","[84.55623076467634]","[0.27997124234129483]","[0.028854651095014283]","[1.3087381471747075]","[0.09908862562021836]","[0.16601204342145848]","[0.1154290164494777]","[12.789226361092819]","[0.022268245196118676]","[0.028694157591442435]","[0.021130850503124465]"
70,70,0.6197825821167036,0.5990061234915406,0.8539404562683556,0.020791635242077926,0.03887254992883559,0.023161555393616293,0.04393836589259032,0.12923478739765462,0.12819140783726976,1,36,"[0.09517045454545454]","[8.466261630485038]","[0.04393836589259032]","[0.12923478739765462]","[7.980250040963887]","[1]","[0.023057633294878643]","[0.04381441360450955]","[23.10905770277289]","[108.3507500436976]","[0.12822490253470997]","[-2143332593]","[0.6197825821167036]","[0.020791635242077926]","[0.5990061234915406]","[103.68962806369862]","[0.8539404562683556]","[0.03957081144526198]","[1.3162836061681529]","[0.12948137436301277]","[0.10081539154106073]","[0.12819140783726976]","[15.867658448881608]","[0.023161555393616293]","[0.03887254992883559]","[0.02085584890422143]"
70,70,0.43422972583867386,0.5084132252961333,0.01,0.01825776558858351,0.016315510677003164,0.017504836655462794,0.015115486467259003,0.07135721831691216,0.06386683411087184,1,45,"[0.0553306342780027]","[7.4133589148269365]","[0.015115486467259003]","[0.07135721831691216]","[9.880596120326889]","[1]","[0.017749112491968422]","[0.014791749720907132]","[6.70798264666167]","[61.770318558827945]","[0.06381130614134634]","[194591676]","[0.43422972583867386]","[0.01825776558858351]","[0.5084132252961333]","[50.65097552473707]","[0.01]","[0.016021472413931592]","[1.3872216419692376]","[0.07141049629381091]","[0.08396806143372879]","[0.06386683411087184]","[7.7257193351300755]","[0.017504836655462794]","[0.016315510677003164]","[0.01789493456872493]"
70,70,0.2135081770153087,0.5613326745478526,0.01,0.030464564433353394,0.02126909530189515,0.025193307690798458,0.014587614100070444,0.08052882656743722,0.09820483975761397,1,32,"[0.15324675324675324]","[12.201654995777321]","[0.014587614100070444]","[0.08052882656743722]","[8.88623930322978]","[1]","[0.025664817376900073]","[0.0145367772853493]","[4.917913854353568]","[58.53996752613283]","[0.09821874806306141]","[-2112995225]","[0.2135081770153087]","[0.030464564433353394]","[0.5613326745478526]","[65.5323042103489]","[0.01]","[0.02044091992817787]","[1.4366654484387307]","[0.08027134157040217]","[0.23675502305627755]","[0.09820483975761397]","[7.6703915456064005]","[0.025193307690798458]","[0.02126909530189515]","[0.03043961301541298]"
70,70,1.0,0.47886202521984417,0.7111526001402049,0.015012815325835654,0.019807265853324724,0.013268992898021238,0.025837848256058303,0.15661727668008787,0.11138264511212494,1,47,"[0.06840513983371126]","[8.283199345271408]","[0.025837848256058303]","[0.15661727668008787]","[6.81670597181254]","[1]","[0.013298114804790151]","[0.026050544938620135]","[11.311510913611537]","[107.00102711436747]","[0.11098667765219994]","[-58428372]","[1.0]","[0.015012815325835654]","[0.47886202521984417]","[80.30086964671693]","[0.7111526001402049]","[0.02034563713655868]","[1.4308387857515337]","[0.15663296304885277]","[0.06885298681770695]","[0.11138264511212494]","[10.18344464739036]","[0.013268992898021238]","[0.019807265853324724]","[0.014461002429044134]"
70,70,1.0,0.01,0.3653707100331815,0.01435531026805497,0.027770555139180867,0.014748247435924053,0.03619490795574788,0.11921190696581081,0.10420122319013883,1,61,"[0.05199781061850027]","[7.374748609728765]","[0.03619490795574788]","[0.11921190696581081]","[8.012875646312636]","[1]","[0.014557273262698178]","[0.036495219247701494]","[17.841355888261027]","[91.80746007643553]","[0.10431289598534632]","[937436778]","[1.0]","[0.01435531026805497]","[0.01]","[76.34886761426118]","[0.3653707100331815]","[0.028376159995346928]","[1.8208595080066488]","[0.11920389901124673]","[0.06594766609324654]","[0.10420122319013883]","[14.765766536884211]","[0.014748247435924053]","[0.027770555139180867]","[0.014593996164228296]"
70,70,0.27371849514684116,0.7187074865929444,0.01,0.02525143824112676,0.025508937712243225,0.01504581803472365,0.007403859100863901,0.06041490907667196,0.04640697769833693,1,67,"[0.17410714285714285]","[8.68711003518734]","[0.007403859100863901]","[0.06041490907667196]","[5.258116396504037]","[1]","[0.015534085137470788]","[0.008057996997125727]","[3.186957203698362]","[46.02331773607844]","[0.04676216762643537]","[-2125246550]","[0.27371849514684116]","[0.02525143824112676]","[0.7187074865929444]","[30.94359924761447]","[0.01]","[0.025009350436467237]","[1.3945793822088888]","[0.060578495747205974]","[0.22646294089811517]","[0.04640697769833693]","[8.30091039793387]","[0.01504581803472365]","[0.025508937712243225]","[0.0252726482026695]"
